customers,movies,snack,drink
김재호,너의 이름은,나초,스프라이트
이준서,상견니,치즈 팝콘,에이드
송지아,도그맨,나초,제로콜라
김미경,너의 이름은,구운 오징어,환타
배경수,웡카,카라멜 팝콘,제로콜라
이준호,시민덕희,치즈 팝콘,물
이숙자,시민덕희,나초,콜라
문정숙,도그맨,카라멜 팝콘,물
김은주,외계인,구운 오징어,콜라
이정남,라라랜드,카라멜 팝콘,콜라
김명자,시민덕희,카라멜 팝콘,제로콜라
장예진,웡카,구운 오징어,콜라
김정수,웡카,카라멜 팝콘,환타
김지현,라라랜드,구운 오징어,제로콜라
류은경,도그맨,구운 오징어,환타
주지영,너의 이름은,나초,환타
김진호,상견니,프레츨,환타
고민재,웡카,나초,환타
이현정,웡카,프레츨,물
황하윤,라라랜드,카라멜 팝콘,제로콜라
지도현,외계인,프레츨,제로콜라
이예은,라라랜드,카라멜 팝콘,환타
장순자,외계인,프레츨,에이드
박옥순,웡카,나초,콜라
장미경,라라랜드,구운 오징어,에이드
강선영,도그맨,핫도그,콜라
김지후,상견니,일반 팝콘,물
김성호,라라랜드,구운 오징어,에이드
김시우,상견니,나초,환타
권승현,웡카,구운 오징어,스프라이트
황진호,너의 이름은,치즈 팝콘,물
강영일,외계인,나초,스프라이트
유재현,외계인,구운 오징어,환타
주은지,웡카,핫도그,에이드
고예은,너의 이름은,나초,스프라이트
김민석,외계인,구운 오징어,제로콜라
고성현,너의 이름은,나초,에이드
오유진,도그맨,구운 오징어,콜라
고지혜,라라랜드,핫도그,에이드
김동현,너의 이름은,일반 팝콘,환타
윤하윤,외계인,카라멜 팝콘,환타
서순자,상견니,나초,에이드
한영숙,라라랜드,일반 팝콘,콜라
박정남,도그맨,구운 오징어,제로콜라
오보람,너의 이름은,치즈 팝콘,물
손성호,시민덕희,치즈 팝콘,스프라이트
박정훈,상견니,구운 오징어,콜라
홍준혁,시민덕희,치즈 팝콘,스프라이트
김지민,외계인,치즈 팝콘,물
김영수,웡카,핫도그,에이드
송진호,상견니,핫도그,에이드
손서연,너의 이름은,카라멜 팝콘,스프라이트
남도현,시민덕희,프레츨,스프라이트
박보람,라라랜드,구운 오징어,에이드
장성훈,외계인,구운 오징어,스프라이트
이명자,외계인,프레츨,에이드
박서영,외계인,카라멜 팝콘,콜라
윤현우,웡카,구운 오징어,물
이지영,외계인,카라멜 팝콘,환타
장수진,외계인,핫도그,스프라이트
김성진,너의 이름은,나초,콜라
송정식,상견니,나초,콜라
안지우,상견니,프레츨,환타
김성민,너의 이름은,카라멜 팝콘,환타
김민수,외계인,일반 팝콘,물
이종수,시민덕희,치즈 팝콘,콜라
윤성훈,도그맨,핫도그,스프라이트
허주원,상견니,일반 팝콘,스프라이트
김숙자,도그맨,프레츨,제로콜라
박미영,외계인,핫도그,환타
한하은,라라랜드,카라멜 팝콘,제로콜라
장주원,시민덕희,핫도그,스프라이트
이성진,도그맨,핫도그,스프라이트
배준영,시민덕희,치즈 팝콘,에이드
김지원,시민덕희,치즈 팝콘,물
이민수,웡카,구운 오징어,스프라이트
전성민,웡카,구운 오징어,환타
권지혜,웡카,구운 오징어,환타
구동현,도그맨,나초,제로콜라
노현정,시민덕희,핫도그,환타
김상철,너의 이름은,나초,에이드
김성현,상견니,치즈 팝콘,환타
권현우,웡카,일반 팝콘,콜라
이예진,너의 이름은,치즈 팝콘,물
김수진,웡카,핫도그,스프라이트
김현주,라라랜드,나초,에이드
박지원,라라랜드,일반 팝콘,에이드
김영길,외계인,카라멜 팝콘,에이드
홍영길,도그맨,나초,환타
박명숙,시민덕희,나초,제로콜라
장준혁,상견니,일반 팝콘,물
서지훈,시민덕희,구운 오징어,물
권예은,외계인,일반 팝콘,스프라이트
하준서,외계인,핫도그,제로콜라
김정식,웡카,일반 팝콘,콜라
김은지,상견니,구운 오징어,스프라이트
최현주,라라랜드,핫도그,스프라이트
고영일,도그맨,일반 팝콘,제로콜라
권서준,웡카,치즈 팝콘,제로콜라
김민서,웡카,프레츨,콜라
김우진,상견니,치즈 팝콘,스프라이트
윤지현,시민덕희,나초,환타
황상철,너의 이름은,치즈 팝콘,제로콜라
김순자,도그맨,프레츨,환타
강진우,웡카,핫도그,에이드
서춘자,외계인,나초,물
김정수,외계인,카라멜 팝콘,콜라
이하은,상견니,프레츨,에이드
윤미영,외계인,치즈 팝콘,에이드
박종수,시민덕희,구운 오징어,물
김동현,시민덕희,프레츨,스프라이트
나동현,외계인,나초,환타
김순자,웡카,구운 오징어,제로콜라
송정숙,상견니,구운 오징어,물
박주원,외계인,핫도그,환타
윤정희,외계인,카라멜 팝콘,제로콜라
강종수,너의 이름은,치즈 팝콘,환타
이미정,너의 이름은,치즈 팝콘,물
윤미정,라라랜드,핫도그,제로콜라
홍승민,너의 이름은,프레츨,스프라이트
김영환,외계인,나초,에이드
최준서,라라랜드,카라멜 팝콘,에이드
류영진,웡카,프레츨,제로콜라
박광수,상견니,치즈 팝콘,콜라
이승민,상견니,일반 팝콘,제로콜라
김예원,웡카,나초,물
나영미,도그맨,나초,스프라이트
임서연,웡카,나초,스프라이트
우영진,도그맨,프레츨,에이드
윤정남,도그맨,프레츨,콜라
신서윤,시민덕희,핫도그,환타
구성수,상견니,치즈 팝콘,콜라
이정자,도그맨,프레츨,제로콜라
이종수,상견니,나초,콜라
최예은,시민덕희,핫도그,콜라
노현주,웡카,카라멜 팝콘,에이드
김상현,라라랜드,일반 팝콘,제로콜라
한지혜,웡카,핫도그,제로콜라
김도윤,도그맨,핫도그,에이드
김재호,도그맨,핫도그,스프라이트
김현숙,상견니,카라멜 팝콘,에이드
최시우,도그맨,프레츨,스프라이트
최영철,라라랜드,핫도그,스프라이트
홍수진,라라랜드,구운 오징어,콜라
황영미,너의 이름은,구운 오징어,제로콜라
김영숙,웡카,나초,제로콜라
이은지,상견니,핫도그,환타
강춘자,도그맨,카라멜 팝콘,에이드
최도윤,도그맨,카라멜 팝콘,물
이상호,외계인,일반 팝콘,콜라
김상철,웡카,일반 팝콘,에이드
김정희,도그맨,구운 오징어,물
정서준,라라랜드,일반 팝콘,물
최우진,외계인,나초,콜라
박수진,시민덕희,핫도그,제로콜라
윤서현,웡카,핫도그,콜라
김상철,외계인,핫도그,제로콜라
임은영,라라랜드,나초,에이드
김춘자,라라랜드,핫도그,제로콜라
배지혜,너의 이름은,핫도그,물
문지영,상견니,카라멜 팝콘,스프라이트
박재호,시민덕희,카라멜 팝콘,에이드
황수빈,너의 이름은,카라멜 팝콘,에이드
송정수,외계인,일반 팝콘,물
이상훈,너의 이름은,카라멜 팝콘,에이드
안서윤,시민덕희,치즈 팝콘,물
김시우,시민덕희,치즈 팝콘,스프라이트
송시우,라라랜드,프레츨,콜라
하건우,외계인,카라멜 팝콘,콜라
장정웅,너의 이름은,치즈 팝콘,물
김성현,상견니,나초,환타
류정식,도그맨,일반 팝콘,제로콜라
김경자,웡카,일반 팝콘,콜라
이수빈,시민덕희,구운 오징어,제로콜라
이성진,도그맨,일반 팝콘,제로콜라
송경희,라라랜드,구운 오징어,제로콜라
문정웅,상견니,치즈 팝콘,환타
박지아,웡카,치즈 팝콘,환타
이미정,시민덕희,핫도그,물
이은서,외계인,핫도그,물
박우진,시민덕희,카라멜 팝콘,에이드
하정호,웡카,구운 오징어,환타
이병철,웡카,핫도그,환타
곽지영,상견니,나초,콜라
이지훈,너의 이름은,카라멜 팝콘,환타
송민수,외계인,카라멜 팝콘,콜라
최서영,시민덕희,핫도그,스프라이트
김상철,도그맨,일반 팝콘,콜라
민성민,웡카,카라멜 팝콘,제로콜라
이상철,라라랜드,핫도그,스프라이트
이재현,너의 이름은,프레츨,에이드
이준영,웡카,치즈 팝콘,스프라이트
강정남,외계인,구운 오징어,에이드
홍성민,라라랜드,일반 팝콘,콜라
이예진,웡카,핫도그,제로콜라
고옥순,라라랜드,나초,콜라
박정식,너의 이름은,구운 오징어,콜라
이하윤,라라랜드,핫도그,에이드
이영길,라라랜드,나초,환타
김은정,라라랜드,카라멜 팝콘,에이드
조민수,라라랜드,치즈 팝콘,에이드
노영철,라라랜드,일반 팝콘,물
김예원,도그맨,구운 오징어,제로콜라
이예은,라라랜드,일반 팝콘,스프라이트
박서준,너의 이름은,카라멜 팝콘,스프라이트
김은주,도그맨,구운 오징어,콜라
유진호,너의 이름은,일반 팝콘,환타
강정호,외계인,카라멜 팝콘,스프라이트
최정식,웡카,핫도그,에이드
황건우,시민덕희,프레츨,콜라
이영식,너의 이름은,카라멜 팝콘,스프라이트
박춘자,너의 이름은,일반 팝콘,환타
황은지,상견니,구운 오징어,스프라이트
김지원,웡카,카라멜 팝콘,에이드
최정호,상견니,핫도그,제로콜라
황예은,외계인,핫도그,환타
황지우,외계인,프레츨,에이드
홍상호,너의 이름은,치즈 팝콘,콜라
이민석,너의 이름은,치즈 팝콘,환타
김민재,외계인,치즈 팝콘,콜라
류현정,외계인,일반 팝콘,환타
이미영,상견니,구운 오징어,에이드
이경숙,너의 이름은,나초,스프라이트
안지우,웡카,프레츨,스프라이트
김준혁,웡카,일반 팝콘,에이드
이서현,시민덕희,카라멜 팝콘,물
손미영,도그맨,나초,스프라이트
류시우,웡카,카라멜 팝콘,환타
배정웅,웡카,카라멜 팝콘,환타
민숙자,라라랜드,프레츨,물
김준혁,라라랜드,프레츨,물
김정수,너의 이름은,치즈 팝콘,제로콜라
이경숙,시민덕희,나초,콜라
안영수,웡카,프레츨,환타
김도현,시민덕희,치즈 팝콘,스프라이트
김정순,라라랜드,구운 오징어,물
윤상호,너의 이름은,나초,콜라
최도현,웡카,나초,에이드
김경숙,라라랜드,나초,에이드
이현준,라라랜드,핫도그,스프라이트
김영자,시민덕희,나초,제로콜라
강정남,너의 이름은,핫도그,에이드
박영길,너의 이름은,나초,에이드
김미숙,시민덕희,카라멜 팝콘,제로콜라
김하윤,시민덕희,프레츨,에이드
박현주,웡카,프레츨,물
김서준,시민덕희,구운 오징어,환타
이수진,웡카,치즈 팝콘,제로콜라
최진호,외계인,프레츨,에이드
이선영,도그맨,카라멜 팝콘,콜라
김미숙,상견니,구운 오징어,환타
이현숙,상견니,프레츨,에이드
김시우,도그맨,나초,스프라이트
주지후,시민덕희,구운 오징어,콜라
박민지,시민덕희,치즈 팝콘,물
김서윤,도그맨,일반 팝콘,제로콜라
김민재,도그맨,핫도그,환타
최영순,외계인,카라멜 팝콘,환타
백명숙,도그맨,나초,제로콜라
남지후,라라랜드,프레츨,에이드
황성호,웡카,카라멜 팝콘,환타
황정호,시민덕희,핫도그,환타
장경자,너의 이름은,치즈 팝콘,환타
이영식,외계인,치즈 팝콘,에이드
최종수,너의 이름은,카라멜 팝콘,스프라이트
류순옥,웡카,프레츨,콜라
이상철,너의 이름은,프레츨,에이드
한상훈,도그맨,치즈 팝콘,에이드
성지민,상견니,구운 오징어,스프라이트
김민지,너의 이름은,치즈 팝콘,스프라이트
최지우,시민덕희,프레츨,제로콜라
김주원,웡카,나초,스프라이트
최옥자,너의 이름은,핫도그,콜라
이미정,도그맨,치즈 팝콘,제로콜라
김순자,너의 이름은,치즈 팝콘,콜라
송광수,외계인,나초,제로콜라
이지민,웡카,핫도그,환타
김영식,도그맨,프레츨,물
김시우,상견니,구운 오징어,콜라
손선영,웡카,프레츨,환타
김준영,너의 이름은,구운 오징어,콜라
최주원,웡카,카라멜 팝콘,콜라
문은정,외계인,카라멜 팝콘,환타
최상철,외계인,핫도그,스프라이트
김영수,도그맨,핫도그,스프라이트
박옥순,외계인,나초,환타
이경숙,너의 이름은,일반 팝콘,제로콜라
김정자,외계인,카라멜 팝콘,에이드
서상현,외계인,핫도그,콜라
박아름,도그맨,카라멜 팝콘,환타
정순옥,시민덕희,구운 오징어,스프라이트
윤현숙,라라랜드,프레츨,물
강영수,너의 이름은,일반 팝콘,콜라
김정순,웡카,카라멜 팝콘,환타
서종수,외계인,프레츨,물
한승현,상견니,일반 팝콘,제로콜라
이주원,외계인,카라멜 팝콘,환타
김명자,외계인,카라멜 팝콘,콜라
이경자,웡카,일반 팝콘,에이드
장지은,웡카,구운 오징어,콜라
김경수,라라랜드,핫도그,에이드
최재현,외계인,카라멜 팝콘,에이드
장미경,외계인,구운 오징어,에이드
김우진,상견니,일반 팝콘,스프라이트
김성수,라라랜드,핫도그,에이드
권지은,너의 이름은,카라멜 팝콘,스프라이트
김선영,상견니,구운 오징어,콜라
백서연,웡카,핫도그,에이드
김은정,너의 이름은,카라멜 팝콘,에이드
이진호,시민덕희,구운 오징어,물
김상호,도그맨,프레츨,스프라이트
허정자,시민덕희,일반 팝콘,에이드
박영환,외계인,구운 오징어,스프라이트
윤영식,라라랜드,핫도그,스프라이트
이명자,상견니,카라멜 팝콘,환타
곽영호,외계인,프레츨,물
장하은,시민덕희,나초,에이드
이승현,상견니,핫도그,환타
차준호,도그맨,핫도그,제로콜라
김종수,도그맨,구운 오징어,콜라
이재호,상견니,일반 팝콘,콜라
박상현,외계인,치즈 팝콘,제로콜라
박광수,도그맨,치즈 팝콘,제로콜라
김명숙,라라랜드,구운 오징어,제로콜라
김건우,도그맨,카라멜 팝콘,에이드
안영숙,시민덕희,일반 팝콘,물
박은서,도그맨,일반 팝콘,환타
정광수,웡카,치즈 팝콘,에이드
김예지,외계인,구운 오징어,에이드
김승현,라라랜드,나초,콜라
권민재,시민덕희,치즈 팝콘,에이드
한중수,너의 이름은,치즈 팝콘,에이드
김예원,도그맨,치즈 팝콘,물
박예준,라라랜드,핫도그,콜라
김옥순,시민덕희,나초,에이드
최영식,너의 이름은,프레츨,에이드
정경수,외계인,나초,물
나정식,외계인,구운 오징어,물
전순자,외계인,일반 팝콘,제로콜라
김정자,웡카,구운 오징어,콜라
안하윤,웡카,카라멜 팝콘,스프라이트
장영길,상견니,핫도그,물
박하윤,시민덕희,구운 오징어,스프라이트
박성호,시민덕희,카라멜 팝콘,스프라이트
박옥자,웡카,프레츨,제로콜라
김준호,라라랜드,카라멜 팝콘,제로콜라
박정남,시민덕희,구운 오징어,환타
최서윤,라라랜드,핫도그,콜라
최영식,웡카,카라멜 팝콘,콜라
박영수,웡카,카라멜 팝콘,제로콜라
김지아,상견니,구운 오징어,물
조지후,너의 이름은,핫도그,제로콜라
강지연,외계인,치즈 팝콘,제로콜라
박영호,너의 이름은,나초,물
이은영,너의 이름은,구운 오징어,제로콜라
김동현,시민덕희,나초,콜라
권서현,상견니,카라멜 팝콘,에이드
이민서,웡카,구운 오징어,스프라이트
홍하윤,라라랜드,치즈 팝콘,제로콜라
김지우,너의 이름은,카라멜 팝콘,제로콜라
박현우,상견니,일반 팝콘,물
김서현,상견니,핫도그,에이드
한정자,외계인,나초,제로콜라
서성수,웡카,프레츨,제로콜라
조보람,라라랜드,치즈 팝콘,스프라이트
김성진,시민덕희,치즈 팝콘,환타
김정희,도그맨,구운 오징어,물
권영호,상견니,핫도그,콜라
이아름,웡카,구운 오징어,제로콜라
박진호,너의 이름은,카라멜 팝콘,스프라이트
김정숙,외계인,치즈 팝콘,스프라이트
박동현,라라랜드,핫도그,콜라
이영길,너의 이름은,프레츨,에이드
안지원,라라랜드,카라멜 팝콘,환타
조현주,도그맨,나초,콜라
이수진,외계인,카라멜 팝콘,에이드
손서현,상견니,카라멜 팝콘,콜라
김성민,너의 이름은,카라멜 팝콘,환타
김현우,도그맨,카라멜 팝콘,물
김병철,상견니,치즈 팝콘,물
김정자,외계인,프레츨,콜라
이서윤,외계인,치즈 팝콘,스프라이트
홍영환,라라랜드,치즈 팝콘,에이드
김영진,외계인,나초,물
김상호,너의 이름은,구운 오징어,콜라
백영숙,너의 이름은,나초,제로콜라
이아름,상견니,치즈 팝콘,물
임영자,외계인,카라멜 팝콘,환타
이정순,시민덕희,치즈 팝콘,제로콜라
서경자,웡카,치즈 팝콘,물
김옥순,웡카,나초,콜라
김영호,외계인,프레츨,제로콜라
김영미,시민덕희,구운 오징어,제로콜라
최성현,라라랜드,일반 팝콘,스프라이트
이병철,웡카,프레츨,스프라이트
강진호,외계인,카라멜 팝콘,물
김준서,시민덕희,구운 오징어,환타
박재호,너의 이름은,나초,제로콜라
이숙자,외계인,핫도그,콜라
이예준,웡카,구운 오징어,환타
조지원,웡카,프레츨,환타
이성현,라라랜드,구운 오징어,스프라이트
양영숙,시민덕희,프레츨,스프라이트
김서윤,웡카,구운 오징어,환타
최순옥,너의 이름은,핫도그,제로콜라
이시우,도그맨,핫도그,환타
차성수,웡카,치즈 팝콘,물
오춘자,웡카,프레츨,에이드
유옥자,상견니,프레츨,에이드
김춘자,상견니,프레츨,에이드
류영미,상견니,핫도그,환타
백영환,시민덕희,프레츨,제로콜라
최상훈,상견니,핫도그,스프라이트
박서연,시민덕희,치즈 팝콘,에이드
서예은,상견니,핫도그,물
김광수,상견니,프레츨,스프라이트
우지훈,웡카,핫도그,콜라
전은영,외계인,핫도그,제로콜라
권준영,상견니,나초,제로콜라
최경희,도그맨,카라멜 팝콘,환타
하정남,너의 이름은,구운 오징어,환타
김지영,웡카,카라멜 팝콘,콜라
문성민,너의 이름은,치즈 팝콘,에이드
이건우,너의 이름은,나초,스프라이트
주은경,라라랜드,나초,제로콜라
오재호,너의 이름은,핫도그,에이드
김영자,상견니,카라멜 팝콘,환타
김광수,라라랜드,치즈 팝콘,제로콜라
한상훈,라라랜드,구운 오징어,스프라이트
이지훈,웡카,나초,물
송영철,너의 이름은,핫도그,에이드
김현숙,웡카,나초,스프라이트
황현숙,너의 이름은,핫도그,스프라이트
김중수,도그맨,일반 팝콘,제로콜라
김예지,라라랜드,카라멜 팝콘,물
이성진,웡카,핫도그,제로콜라
문정웅,라라랜드,나초,제로콜라
서지아,도그맨,프레츨,제로콜라
이영진,외계인,프레츨,물
이중수,웡카,나초,환타
이수민,도그맨,핫도그,제로콜라
김현정,외계인,카라멜 팝콘,스프라이트
김진호,라라랜드,일반 팝콘,제로콜라
유성호,라라랜드,일반 팝콘,콜라
김지아,외계인,일반 팝콘,스프라이트
안준혁,너의 이름은,카라멜 팝콘,제로콜라
이지우,외계인,핫도그,스프라이트
이성호,상견니,핫도그,제로콜라
김예원,외계인,구운 오징어,제로콜라
장은영,시민덕희,치즈 팝콘,제로콜라
지성진,너의 이름은,핫도그,환타
이하윤,시민덕희,카라멜 팝콘,콜라
문숙자,상견니,일반 팝콘,환타
박재현,시민덕희,나초,제로콜라
노보람,라라랜드,일반 팝콘,환타
최경자,웡카,구운 오징어,물
이상철,도그맨,구운 오징어,에이드
송병철,너의 이름은,나초,에이드
손영환,시민덕희,나초,스프라이트
이현우,너의 이름은,카라멜 팝콘,에이드
하지혜,도그맨,일반 팝콘,에이드
박현우,도그맨,핫도그,콜라
박주원,도그맨,구운 오징어,제로콜라
박성민,도그맨,구운 오징어,제로콜라
장순자,웡카,일반 팝콘,물
이민재,도그맨,치즈 팝콘,물
박진호,상견니,핫도그,콜라
이혜진,너의 이름은,일반 팝콘,제로콜라
문경자,웡카,프레츨,에이드
김유진,라라랜드,나초,스프라이트
이지아,도그맨,일반 팝콘,제로콜라
주성현,웡카,프레츨,물
백경숙,시민덕희,나초,제로콜라
김성진,외계인,나초,콜라
최은영,라라랜드,프레츨,콜라
홍수빈,라라랜드,프레츨,환타
박준영,외계인,나초,콜라
박영자,외계인,핫도그,스프라이트
김동현,라라랜드,핫도그,콜라
이혜진,외계인,프레츨,환타
최성훈,웡카,핫도그,콜라
김현정,상견니,치즈 팝콘,환타
이미경,상견니,일반 팝콘,환타
박유진,외계인,치즈 팝콘,콜라
박예원,라라랜드,카라멜 팝콘,환타
송영호,상견니,핫도그,스프라이트
류춘자,외계인,프레츨,물
한하은,시민덕희,프레츨,물
박준호,시민덕희,핫도그,에이드
윤서준,너의 이름은,치즈 팝콘,에이드
황은경,도그맨,프레츨,에이드
김지혜,너의 이름은,핫도그,물
안미영,라라랜드,프레츨,스프라이트
황민준,도그맨,나초,환타
이명숙,상견니,나초,스프라이트
최춘자,시민덕희,일반 팝콘,에이드
장예은,상견니,프레츨,에이드
최채원,라라랜드,구운 오징어,스프라이트
최선영,상견니,핫도그,물
박옥순,외계인,핫도그,제로콜라
